Dissimilarity,H+
Euclidean,0.0223951107538981
Maximum,0.12396774521128
Manhattan,0.0214981401569872
Canberra,0.0474418011653489
Binary,0.0782498292516514
